USE [MyExchangeEx]
GO

INSERT INTO [Currencies] VALUES('USD', 1, 0)
INSERT INTO [Currencies] VALUES('Score', 1, 0)
GO

INSERT INTO [Admins] VALUES('admin', 'altbet1234', 0, 0)
INSERT INTO [Admins] VALUES('gene', 'shkilko', 0, 0)
INSERT INTO [Admins] VALUES('java', '123', 0, 0)
INSERT INTO [Admins] VALUES('vova', '123', 0, 0)
INSERT INTO [Admins] VALUES('test', '123', 0, 0)
INSERT INTO [Admins] VALUES('alena', '123', 0, 0)
GO

INSERT [dbo].[Category] ([Id], [Name], [Parent_Id], [Url], [Icon], [Position], [IsDeleted]) VALUES (N'81517b04-73d9-4134-b6a5-e7f074cbf685', N'Fantasy Sport', NULL, N'fantasy-sport', N'sport', 1, 0) 
INSERT [dbo].[Category] ([Id], [Name], [Parent_Id], [Url], [Icon], [Position], [IsDeleted]) VALUES (N'467fb9ff-6187-4378-91c7-17ab2e3f2ab7', N'E-Sport', NULL, N'e-sport', N'cybersport', 2, 0)
INSERT [dbo].[Category] ([Id], [Name], [Parent_Id], [Url], [Icon], [Position], [IsDeleted]) VALUES (N'73bf83fc-6347-46bb-961d-b3a01f87bb2e', N'American Football', N'81517b04-73d9-4134-b6a5-e7f074cbf685', N'american-football', N'rugby', 1, 0)
INSERT [dbo].[Category] ([Id], [Name], [Parent_Id], [Url], [Icon], [Position], [IsDeleted]) VALUES (N'e0826b40-1975-49fc-a828-ff4f09be9886', N'Basketball', N'81517b04-73d9-4134-b6a5-e7f074cbf685', N'basketball', N'basketball', 2, 0)
INSERT [dbo].[Category] ([Id], [Name], [Parent_Id], [Url], [Icon], [Position], [IsDeleted]) VALUES (N'6b00851e-7c19-4c4a-be54-03f2cdf9f640', N'Baseball', N'81517b04-73d9-4134-b6a5-e7f074cbf685', N'baseball', N'baseball', 3, 0)
INSERT [dbo].[Category] ([Id], [Name], [Parent_Id], [Url], [Icon], [Position], [IsDeleted]) VALUES (N'ee56cf43-bc4b-4bf4-b644-5c47b5eefff0', N'Hockey', N'81517b04-73d9-4134-b6a5-e7f074cbf685', N'hockey', N'hockey', 4, 0)
INSERT [dbo].[Category] ([Id], [Name], [Parent_Id], [Url], [Icon], [Position], [IsDeleted]) VALUES (N'895e302c-5148-43db-bdbc-5841952cacb7', N'Soccer', N'81517b04-73d9-4134-b6a5-e7f074cbf685', N'soccer', N'soccer', 5, 0)
INSERT [dbo].[Category] ([Id], [Name], [Parent_Id], [Url], [Icon], [Position], [IsDeleted]) VALUES (N'afdc2926-35e3-464b-8413-61861b9de244', N'CS:GO', N'467fb9ff-6187-4378-91c7-17ab2e3f2ab7', N'cs-go', N'csgo', 1, 0)
INSERT [dbo].[Category] ([Id], [Name], [Parent_Id], [Url], [Icon], [Position], [IsDeleted]) VALUES (N'5a436930-d62b-4d6f-8d0a-f726f0e16129', N'Dota 2', N'467fb9ff-6187-4378-91c7-17ab2e3f2ab7', N'dota-2', N'dota2', 2, 0)
INSERT [dbo].[Category] ([Id], [Name], [Parent_Id], [Url], [Icon], [Position], [IsDeleted]) VALUES (N'86f94ef3-2ac2-4987-8ff9-8297534ebd21', N'LoL', N'467fb9ff-6187-4378-91c7-17ab2e3f2ab7', N'lol', N'lol', 3, 0)
INSERT [dbo].[Category] ([Id], [Name], [Parent_Id], [Url], [Icon], [Position], [IsDeleted]) VALUES (N'ff73369e-c374-455a-a9fb-afbdffcac949', N'EPL', N'895e302c-5148-43db-bdbc-5841952cacb7', N'epl', NULL, 1, 0)
INSERT [dbo].[Category] ([Id], [Name], [Parent_Id], [Url], [Icon], [Position], [IsDeleted]) VALUES (N'b444c96b-7959-4afd-86e2-6b9332f8d935', N'MLS', N'895e302c-5148-43db-bdbc-5841952cacb7', N'mls', NULL, 2, 0)
INSERT [dbo].[Category] ([Id], [Name], [Parent_Id], [Url], [Icon], [Position], [IsDeleted]) VALUES (N'27ce6e77-c184-4c6e-91e4-010c2b494e02', N'MLB', N'6b00851e-7c19-4c4a-be54-03f2cdf9f640', N'mlb', NULL, 1, 0)
INSERT [dbo].[Category] ([Id], [Name], [Parent_Id], [Url], [Icon], [Position], [IsDeleted]) VALUES (N'433f9ebe-2309-47ff-bc28-0fb8bc9684f3', N'NBA', N'e0826b40-1975-49fc-a828-ff4f09be9886', N'nba', NULL, 1, 0)
INSERT [dbo].[Category] ([Id], [Name], [Parent_Id], [Url], [Icon], [Position], [IsDeleted]) VALUES (N'c65aa34d-26da-4d63-80df-8a9be456e5fb', N'NHL', N'ee56cf43-bc4b-4bf4-b644-5c47b5eefff0', N'nhl', NULL, 1, 0)
INSERT [dbo].[Category] ([Id], [Name], [Parent_Id], [Url], [Icon], [Position], [IsDeleted]) VALUES (N'1518ed47-ee93-4979-93de-344d526c3e36', N'NFL', N'73bf83fc-6347-46bb-961d-b3a01f87bb2e', N'nfl', NULL, 1, 0)
GO

INSERT INTO [Exchanges] VALUES (N'CSD-QCHI-HC-8122017', CAST(0x0710270000000000 AS Time), CAST(0x07F098692AC90000 AS Time), 1, CAST(0x0000A76900E129D6 AS DateTime), CAST(0x0000A91C0044AA20 AS DateTime), 1, 0)
INSERT INTO [Exchanges] VALUES (N'CSD-QCHI-ML-8122017', CAST(0x0710270000000000 AS Time), CAST(0x07F098692AC90000 AS Time), 1, CAST(0x0000A76900E129D6 AS DateTime), CAST(0x0000A91C0044AA20 AS DateTime), 1, 0)
INSERT INTO [Exchanges] VALUES (N'CSD-QCHI-OU-8122017', CAST(0x0710270000000000 AS Time), CAST(0x07F098692AC90000 AS Time), 1, CAST(0x0000A76900E129D6 AS DateTime), CAST(0x0000A91C0044AA20 AS DateTime), 1, 0)
INSERT INTO [Exchanges] VALUES (N'HHOU-LSA-HC-8122017', CAST(0x0710270000000000 AS Time), CAST(0x07F098692AC90000 AS Time), 1, CAST(0x0000A76900E129D6 AS DateTime), CAST(0x0000A91C0020F580 AS DateTime), 1, 0)
INSERT INTO [Exchanges] VALUES (N'HHOU-LSA-ML-8122017', CAST(0x0710270000000000 AS Time), CAST(0x07F098692AC90000 AS Time), 1, CAST(0x0000A76900E129D6 AS DateTime), CAST(0x0000A91C0020F580 AS DateTime), 1, 0)
INSERT INTO [Exchanges] VALUES (N'HHOU-LSA-OU-8122017', CAST(0x0710270000000000 AS Time), CAST(0x07F098692AC90000 AS Time), 1, CAST(0x0000A76900E129D6 AS DateTime), CAST(0x0000A91C0020F580 AS DateTime), 1, 0)
INSERT INTO [Exchanges] VALUES (N'IMUN-SARS-HC-8132017', CAST(0x0710270000000000 AS Time), CAST(0x07F098692AC90000 AS Time), 1, CAST(0x0000A76900E129D6 AS DateTime), CAST(0x0000A91C0107AC00 AS DateTime), 1, 0)
INSERT INTO [Exchanges] VALUES (N'IMUN-SARS-ML-8132017', CAST(0x0710270000000000 AS Time), CAST(0x07F098692AC90000 AS Time), 1, CAST(0x0000A76900E129D6 AS DateTime), CAST(0x0000A91C0107AC00 AS DateTime), 1, 0)
INSERT INTO [Exchanges] VALUES (N'IMUN-SARS-OU-8132017', CAST(0x0710270000000000 AS Time), CAST(0x07F098692AC90000 AS Time), 1, CAST(0x0000A76900E129D6 AS DateTime), CAST(0x0000A91C0107AC00 AS DateTime), 1, 0)
INSERT INTO [Exchanges] VALUES (N'LPIT-HWAS-HC-8102017', CAST(0x0710270000000000 AS Time), CAST(0x07F098692AC90000 AS Time), 1, CAST(0x0000A76900E129D6 AS DateTime), CAST(0x0000A91A00083D60 AS DateTime), 1, 0)
INSERT INTO [Exchanges] VALUES (N'LPIT-HWAS-ML-8102017', CAST(0x0710270000000000 AS Time), CAST(0x07F098692AC90000 AS Time), 1, CAST(0x0000A76900E129D6 AS DateTime), CAST(0x0000A91A00083D60 AS DateTime), 1, 0)
INSERT INTO [Exchanges] VALUES (N'LPIT-HWAS-OU-8102017', CAST(0x0710270000000000 AS Time), CAST(0x07F098692AC90000 AS Time), 1, CAST(0x0000A76900E129D6 AS DateTime), CAST(0x0000A91A00083D60 AS DateTime), 1, 0)
--INSERT INTO [Exchanges] VALUES (N'CSD-QCHI-7122017', CAST(0x0710270000000000 AS Time), CAST(0x07F098692AC90000 AS Time), 1, CAST(0x0000A76900E129D6 AS DateTime), CAST(0x0000A7AF0044AA20 AS DateTime), 1, 0)
--INSERT INTO [Exchanges] VALUES (N'HHOU-LSA-7122017', CAST(0x0710270000000000 AS Time), CAST(0x07F098692AC90000 AS Time), 1, CAST(0x0000A76900E129D6 AS DateTime), CAST(0x0000A7AF0020F580 AS DateTime), 1, 0)
--INSERT INTO [Exchanges] VALUES (N'IMUN-SARS-7132017', CAST(0x0710270000000000 AS Time), CAST(0x07F098692AC90000 AS Time), 1, CAST(0x0000A76900E129D6 AS DateTime), CAST(0x0000A7AF0107AC00 AS DateTime), 1, 0)
--INSERT INTO [Exchanges] VALUES (N'LPIT-HWAS-7102017', CAST(0x0710270000000000 AS Time), CAST(0x07F098692AC90000 AS Time), 1, CAST(0x0000A76900E129D6 AS DateTime), CAST(0x0000A7AD00083D60 AS DateTime), 1, 0)
--INSERT INTO [Exchanges] VALUES (N'ARS-MUN-5132017', CAST(0x0710270000000000 AS Time), CAST(0x07F098692AC90000 AS Time), 1, CAST(0x0000A76900E129D6 AS DateTime), CAST(0x0000A7910107F250 AS DateTime), 1, 0)
--INSERT INTO [Exchanges] VALUES (N'PIT-WAS-5102017', CAST(0x0710270000000000 AS Time), CAST(0x07F098692AC90000 AS Time), 1, CAST(0x0000A76900E129D6 AS DateTime), CAST(0x0000A78F00083D60 AS DateTime), 1, 0)
--INSERT INTO [Exchanges] VALUES (N'SA-HOU-5122017', CAST(0x0710270000000000 AS Time), CAST(0x07F098692AC90000 AS Time), 1, CAST(0x0000A76900E129D6 AS DateTime), CAST(0x0000A7910020F580 AS DateTime), 1, 0)
--INSERT INTO [Exchanges] VALUES (N'SD-CHI-5122017', CAST(0x0710270000000000 AS Time), CAST(0x07F098692AC90000 AS Time), 1, CAST(0x0000A76900E129D6 AS DateTime), CAST(0x0000A7910044AA20 AS DateTime), 1, 0)
GO

INSERT INTO [Symbols] VALUES (N'16fc2363-2071-4b50-b961-2721cfc2d820', N'CSD-QCHI-HC', N'CSD-QCHI-HC-8122017', N'USD', 0, N'Team Cahill, SD_vs_Team Quintana, CHI', N'Team Cahill, SD', N'SD', N'Team Quintana, CHI', N'CHI', 1, N'live', CAST(0x0000A7A60044AA20 AS DateTime), NULL, N'27ce6e77-c184-4c6e-91e4-010c2b494e02', 1, N'team-cahill-sd-vs-team-quintana-chi-hc-742017', N'HC', CAST(0x0000A76900E062B8 AS DateTime), NULL, CAST(0.00000000 AS Decimal(18, 8)), NULL, CAST(0.61000000 AS Decimal(18, 8)), CAST(0.55000000 AS Decimal(18, 8)), CAST(31.1 AS Decimal(4, 1)), CAST(-12.5 AS Decimal(4, 1)), CAST(36.1 AS Decimal(4, 1)), CAST(12.5 AS Decimal(4, 1)), 0, 10)
INSERT INTO [Symbols] VALUES (N'16fc2363-2071-4b50-b961-2721cfc2d821', N'CSD-QCHI-ML', N'CSD-QCHI-ML-8122017', N'USD', 0, N'Team Cahill, SD_vs_Team Quintana, CHI', N'Team Cahill, SD', N'SD', N'Team Quintana, CHI', N'CHI', 1, N'live', CAST(0x0000A7A60044AA20 AS DateTime), NULL, N'27ce6e77-c184-4c6e-91e4-010c2b494e02', 1, N'team-cahill-sd-vs-team-quintana-chi-ml-742017', N'ML', CAST(0x0000A76900E062B8 AS DateTime), NULL, CAST(0.00000000 AS Decimal(18, 8)), NULL, CAST(0.61000000 AS Decimal(18, 8)), CAST(0.55000000 AS Decimal(18, 8)), CAST(31.1 AS Decimal(4, 1)), CAST(-12.5 AS Decimal(4, 1)), CAST(36.1 AS Decimal(4, 1)), CAST(12.5 AS Decimal(4, 1)), 0, 10)
INSERT INTO [Symbols] VALUES (N'16fc2363-2071-4b50-b961-2721cfc2d825', N'CSD-QCHI-OU', N'CSD-QCHI-OU-8122017', N'USD', 0, N'Team Cahill, SD_vs_Team Quintana, CHI', N'Team Cahill, SD', N'SD', N'Team Quintana, CHI', N'CHI', 1, N'live', CAST(0x0000A7A60044AA20 AS DateTime), NULL, N'27ce6e77-c184-4c6e-91e4-010c2b494e02', 1, N'team-cahill-sd-vs-team-quintana-chi-ou-742017', N'OU', CAST(0x0000A76900E062B8 AS DateTime), NULL, CAST(0.00000000 AS Decimal(18, 8)), NULL, CAST(0.61000000 AS Decimal(18, 8)), CAST(0.55000000 AS Decimal(18, 8)), CAST(31.1 AS Decimal(4, 1)), CAST(-12.5 AS Decimal(4, 1)), CAST(36.1 AS Decimal(4, 1)), CAST(12.5 AS Decimal(4, 1)), 0, 10)
INSERT INTO [Symbols] VALUES (N'87e3b50b-f06e-45cf-b7ce-b4900eefd6b1', N'HHOU-LSA-HC', N'HHOU-LSA-HC-8122017', N'USD', 0, N'Team Harden, HOU_vs_Team Leonard, SA', N'Team Harden, HOU', N'HOU', N'Team Leonard, SA', N'SA', 1, N'scheduled', CAST(0x0000A7CE0020F580 AS DateTime), NULL, N'433f9ebe-2309-47ff-bc28-0fb8bc9684f3', 1, N'team-harden-hou-vs-team-leonard-sa-hc-8122017', N'HC', CAST(0x0000A76900E062B8 AS DateTime), NULL, CAST(0.00000000 AS Decimal(18, 8)), NULL, CAST(0.58000000 AS Decimal(18, 8)), CAST(0.53000000 AS Decimal(18, 8)), CAST(151.3 AS Decimal(4, 1)), CAST(-17.1 AS Decimal(4, 1)), CAST(149.3 AS Decimal(4, 1)), CAST(17.1 AS Decimal(4, 1)), 0, 10)
INSERT INTO [Symbols] VALUES (N'87e3b50b-f06e-45cf-b7ce-b4900eefd6b2', N'HHOU-LSA-ML', N'HHOU-LSA-ML-8122017', N'USD', 0, N'Team Harden, HOU_vs_Team Leonard, SA', N'Team Harden, HOU', N'HOU', N'Team Leonard, SA', N'SA', 1, N'scheduled', CAST(0x0000A7CE0020F580 AS DateTime), NULL, N'433f9ebe-2309-47ff-bc28-0fb8bc9684f3', 1, N'team-harden-hou-vs-team-leonard-sa-ml-8122017', N'ML', CAST(0x0000A76900E062B8 AS DateTime), NULL, CAST(0.00000000 AS Decimal(18, 8)), NULL, CAST(0.58000000 AS Decimal(18, 8)), CAST(0.53000000 AS Decimal(18, 8)), CAST(151.3 AS Decimal(4, 1)), CAST(-17.1 AS Decimal(4, 1)), CAST(149.3 AS Decimal(4, 1)), CAST(17.1 AS Decimal(4, 1)), 0, 10)
INSERT INTO [Symbols] VALUES (N'87e3b50b-f06e-45cf-b7ce-b4900eefd6b6', N'HHOU-LSA-OU', N'HHOU-LSA-OU-8122017', N'USD', 0, N'Team Harden, HOU_vs_Team Leonard, SA', N'Team Harden, HOU', N'HOU', N'Team Leonard, SA', N'SA', 1, N'scheduled', CAST(0x0000A7CE0020F580 AS DateTime), NULL, N'433f9ebe-2309-47ff-bc28-0fb8bc9684f3', 1, N'team-harden-hou-vs-team-leonard-sa-ou-8122017', N'OU', CAST(0x0000A76900E062B8 AS DateTime), NULL, CAST(0.00000000 AS Decimal(18, 8)), NULL, CAST(0.58000000 AS Decimal(18, 8)), CAST(0.53000000 AS Decimal(18, 8)), CAST(151.3 AS Decimal(4, 1)), CAST(-17.1 AS Decimal(4, 1)), CAST(149.3 AS Decimal(4, 1)), CAST(17.1 AS Decimal(4, 1)), 0, 10)
INSERT INTO [Symbols] VALUES (N'a26d5e54-3f64-48c5-a0e5-de47984319e3', N'IMUN-SARS-ML', N'IMUN-SARS-ML-8132017', N'USD', 0, N'Team Ibrahimovic, MUN_vs_Team Sanchez, ARS', N'Team Ibrahimovic, MUN', N'MUN', N'Team Sanchez, ARS', N'ARS', 1, N'scheduled', CAST(0x0000A7CE0107AC00 AS DateTime), NULL, N'ff73369e-c374-455a-a9fb-afbdffcac949', 1, N'team-ibrahimovic-mun-vs-team-sanchez-ars-ml-8132017', N'ML', CAST(0x0000A76900E062B8 AS DateTime), NULL, CAST(0.00000000 AS Decimal(18, 8)), NULL, CAST(0.59000000 AS Decimal(18, 8)), CAST(0.55000000 AS Decimal(18, 8)), CAST(29.4 AS Decimal(4, 1)), CAST(-5.5 AS Decimal(4, 1)), CAST(30.1 AS Decimal(4, 1)), CAST(5.5 AS Decimal(4, 1)), 0, 10)
INSERT INTO [Symbols] VALUES (N'a26d5e54-3f64-48c5-a0e5-de47984319e7', N'IMUN-SARS-OU', N'IMUN-SARS-OU-8132017', N'USD', 0, N'Team Ibrahimovic, MUN_vs_Team Sanchez, ARS', N'Team Ibrahimovic, MUN', N'MUN', N'Team Sanchez, ARS', N'ARS', 1, N'scheduled', CAST(0x0000A7CE0107AC00 AS DateTime), NULL, N'ff73369e-c374-455a-a9fb-afbdffcac949', 1, N'team-ibrahimovic-mun-vs-team-sanchez-ars-ou-8132017', N'OU', CAST(0x0000A76900E062B8 AS DateTime), NULL, CAST(0.00000000 AS Decimal(18, 8)), NULL, CAST(0.59000000 AS Decimal(18, 8)), CAST(0.55000000 AS Decimal(18, 8)), CAST(29.4 AS Decimal(4, 1)), CAST(-5.5 AS Decimal(4, 1)), CAST(30.1 AS Decimal(4, 1)), CAST(5.5 AS Decimal(4, 1)), 0, 10)
INSERT INTO [Symbols] VALUES (N'a26d5e54-3f64-48c5-a0e5-de47984319ed', N'IMUN-SARS-HC', N'IMUN-SARS-HC-8132017', N'USD', 0, N'Team Ibrahimovic, MUN_vs_Team Sanchez, ARS', N'Team Ibrahimovic, MUN', N'MUN', N'Team Sanchez, ARS', N'ARS', 1, N'scheduled', CAST(0x0000A7CE0107AC00 AS DateTime), NULL, N'ff73369e-c374-455a-a9fb-afbdffcac949', 1, N'team-ibrahimovic-mun-vs-team-sanchez-ars-hc-8132017', N'HC', CAST(0x0000A76900E062B8 AS DateTime), NULL, CAST(0.00000000 AS Decimal(18, 8)), NULL, CAST(0.59000000 AS Decimal(18, 8)), CAST(0.55000000 AS Decimal(18, 8)), CAST(29.4 AS Decimal(4, 1)), CAST(-5.5 AS Decimal(4, 1)), CAST(30.1 AS Decimal(4, 1)), CAST(5.5 AS Decimal(4, 1)), 0, 10)
INSERT INTO [Symbols] VALUES (N'c7b13c1c-c9a1-4db3-a25f-996c53ea9d94', N'LPIT-HWAS-ML', N'LPIT-HWAS-ML-8102017', N'USD', 0, N'Team Fleury, PIT_vs_Team Hotby, WAS', N'Team Fleury, PIT', N'PIT', N'Team Hotby, WAS', N'WAS', 1, N'scheduled', CAST(0x0000A7CC00083D60 AS DateTime), NULL, N'c65aa34d-26da-4d63-80df-8a9be456e5fb', 1, N'team-fleury-pit-vs-team-holby-was-ml-8102017', N'ML', CAST(0x0000A76900E062B8 AS DateTime), NULL, CAST(0.00000000 AS Decimal(18, 8)), NULL, CAST(0.58000000 AS Decimal(18, 8)), CAST(0.54000000 AS Decimal(18, 8)), CAST(49.2 AS Decimal(4, 1)), CAST(-5.3 AS Decimal(4, 1)), CAST(53.4 AS Decimal(4, 1)), CAST(5.3 AS Decimal(4, 1)), 0, 10)
INSERT INTO [Symbols] VALUES (N'c7b13c1c-c9a1-4db3-a25f-996c53ea9d98', N'LPIT-HWAS-OU', N'LPIT-HWAS-OU-8102017', N'USD', 0, N'Team Fleury, PIT_vs_Team Hotby, WAS', N'Team Fleury, PIT', N'PIT', N'Team Hotby, WAS', N'WAS', 1, N'scheduled', CAST(0x0000A7CC00083D60 AS DateTime), NULL, N'c65aa34d-26da-4d63-80df-8a9be456e5fb', 1, N'team-fleury-pit-vs-team-holby-was-ou-8102017', N'OU', CAST(0x0000A76900E062B8 AS DateTime), NULL, CAST(0.00000000 AS Decimal(18, 8)), NULL, CAST(0.58000000 AS Decimal(18, 8)), CAST(0.54000000 AS Decimal(18, 8)), CAST(49.2 AS Decimal(4, 1)), CAST(-5.3 AS Decimal(4, 1)), CAST(53.4 AS Decimal(4, 1)), CAST(5.3 AS Decimal(4, 1)), 0, 10)
INSERT INTO [Symbols] VALUES (N'c7b13c1c-c9a1-4db3-a25f-996c53ea9d9f', N'LPIT-HWAS-HC', N'LPIT-HWAS-HC-8102017', N'USD', 0, N'Team Fleury, PIT_vs_Team Hotby, WAS', N'Team Fleury, PIT', N'PIT', N'Team Hotby, WAS', N'WAS', 1, N'scheduled', CAST(0x0000A7CC00083D60 AS DateTime), NULL, N'c65aa34d-26da-4d63-80df-8a9be456e5fb', 1, N'team-fleury-pit-vs-team-holby-was-hc-8102017', N'HC', CAST(0x0000A76900E062B8 AS DateTime), NULL, CAST(0.00000000 AS Decimal(18, 8)), NULL, CAST(0.58000000 AS Decimal(18, 8)), CAST(0.54000000 AS Decimal(18, 8)), CAST(49.2 AS Decimal(4, 1)), CAST(-5.3 AS Decimal(4, 1)), CAST(53.4 AS Decimal(4, 1)), CAST(5.3 AS Decimal(4, 1)), 0, 10)
--INSERT INTO [Symbols] VALUES (N'16fc2363-2071-4b50-b961-2721cfc2d820', N'CSD-QCHI', N'CSD-QCHI-7122017', N'USD', 0, N'Team Cahill, SD_vs_Team Quintana, CHI', N'Team Cahill, SD', N'SD', N'Team Quintana, CHI', N'CHI', 1, N'scheduled', CAST(0x0000A7AF0044AA20 AS DateTime), NULL, N'27ce6e77-c184-4c6e-91e4-010c2b494e02', 1, N'team-cahill-sd-vs-team-quintana-chi-7122017', NULL, CAST(0x0000A76900E062B8 AS DateTime), NULL, CAST(0.00000000 AS Decimal(18, 8)), NULL, CAST(0.61000000 AS Decimal(18, 8)), CAST(0.55000000 AS Decimal(18, 8)), CAST(31.1 AS Decimal(4, 1)), CAST(-12.5 AS Decimal(4, 1)), CAST(36.1 AS Decimal(4, 1)), CAST(12.5 AS Decimal(4, 1)), 0)
--INSERT INTO [Symbols] VALUES (N'87e3b50b-f06e-45cf-b7ce-b4900eefd6b1', N'HHOU-LSA', N'HHOU-LSA-7122017', N'USD', 0, N'Team Harden, HOU_vs_Team Leonard, SA', N'Team Harden, HOU', N'HOU', N'Team Leonard, SA', N'SA', 1, N'scheduled', CAST(0x0000A7AF0020F580 AS DateTime), NULL, N'433f9ebe-2309-47ff-bc28-0fb8bc9684f3', 1, N'team-harden-hou-vs-team-leonard-sa-7122017', NULL, CAST(0x0000A76900E062B8 AS DateTime), NULL, CAST(0.00000000 AS Decimal(18, 8)), NULL, CAST(0.58000000 AS Decimal(18, 8)), CAST(0.53000000 AS Decimal(18, 8)), CAST(151.3 AS Decimal(4, 1)), CAST(-17.1 AS Decimal(4, 1)), CAST(149.3 AS Decimal(4, 1)), CAST(17.1 AS Decimal(4, 1)), 0)
--INSERT INTO [Symbols] VALUES (N'a26d5e54-3f64-48c5-a0e5-de47984319ed', N'IMUN-SARS', N'IMUN-SARS-7132017', N'USD', 0, N'Team Ibrahimovic, MUN_vs_Team Sanchez, ARS', N'Team Ibrahimovic, MUN', N'MUN', N'Team Sanchez, ARS', N'ARS', 1, N'scheduled', CAST(0x0000A7AF0107AC00 AS DateTime), NULL, N'ff73369e-c374-455a-a9fb-afbdffcac949', 1, N'team-ibrahimovic-mun-vs-team-sanchez-ars-7132017', NULL, CAST(0x0000A76900E062B8 AS DateTime), NULL, CAST(0.00000000 AS Decimal(18, 8)), NULL, CAST(0.59000000 AS Decimal(18, 8)), CAST(0.55000000 AS Decimal(18, 8)), CAST(29.4 AS Decimal(4, 1)), CAST(-5.5 AS Decimal(4, 1)), CAST(30.1 AS Decimal(4, 1)), CAST(5.5 AS Decimal(4, 1)), 0)
--INSERT INTO [Symbols] VALUES (N'c7b13c1c-c9a1-4db3-a25f-996c53ea9d9f', N'LPIT-HWAS', N'LPIT-HWAS-7102017', N'USD', 0, N'Team Fleury, PIT_vs_Team Hotby, WAS', N'Team Fleury, PIT', N'PIT', N'Team Hotby, WAS', N'WAS', 1, N'scheduled', CAST(0x0000A7AD00083D60 AS DateTime), NULL, N'c65aa34d-26da-4d63-80df-8a9be456e5fb', 1, N'team-fleury-pit-vs-team-holby-was-7102017', NULL, CAST(0x0000A76900E062B8 AS DateTime), NULL, CAST(0.00000000 AS Decimal(18, 8)), NULL, CAST(0.58000000 AS Decimal(18, 8)), CAST(0.54000000 AS Decimal(18, 8)), CAST(49.2 AS Decimal(4, 1)), CAST(-5.3 AS Decimal(4, 1)), CAST(53.4 AS Decimal(4, 1)), CAST(5.3 AS Decimal(4, 1)), 0)
--INSERT INTO [Symbols] VALUES (N'2d761dc9-b3a7-4263-afe8-d2687f1f04fc', N'SD-CHI', N'SD-CHI-5122017', N'USD', 0, N'San Diego Padres (Cahill)_vs_Chicago White Sox (Quintana)', N'San Diego Padres (Cahill)', N'SD', N'Chicago White Sox (Quintana)', N'CHI', 1, N'scheduled', CAST(0x0000A7910044AA20 AS DateTime), NULL, N'27ce6e77-c184-4c6e-91e4-010c2b494e02', 1, N'san-diego-padres-cahill-vs-chicago-white-sox-quintana-5122017', NULL, CAST(0x0000A76900E062B8 AS DateTime), NULL, CAST(0.00000000 AS Decimal(18, 8)), NULL, CAST(0.64000000 AS Decimal(18, 8)), CAST(0.57000000 AS Decimal(18, 8)), NULL, CAST(2.5 AS Decimal(4, 1)), NULL, CAST(-2.5 AS Decimal(4, 1)), 0)
--INSERT INTO [Symbols] VALUES (N'4722f9b6-b7d9-4a5c-ade6-ad81179aa0e2', N'SA-HOU', N'SA-HOU-5122017', N'USD', 0, N'San Antonio Spurs_vs_Houston Rockets', N'San Antonio Spurs', N'SA', N'Houston Rockets', N'HOU', 1, N'scheduled', CAST(0x0000A7910020F580 AS DateTime), NULL, N'433f9ebe-2309-47ff-bc28-0fb8bc9684f3', 1, N'san-antonio-spurs-vs-houston-rockets-5122017', NULL, CAST(0x0000A76900E062B8 AS DateTime), NULL, CAST(0.00000000 AS Decimal(18, 8)), NULL, CAST(0.58000000 AS Decimal(18, 8)), CAST(0.50000000 AS Decimal(18, 8)), NULL, CAST(6.5 AS Decimal(4, 1)), NULL, CAST(-6.5 AS Decimal(4, 1)), 0)
--INSERT INTO [Symbols] VALUES (N'97c473e2-6ad3-402c-95d3-edab3c406f05', N'PIT-WAS', N'PIT-WAS-5102017', N'USD', 0, N'Pittsburgh Penguins_vs_Washignton Capitals', N'Pittsburgh Penguins', N'PIT', N'Washignton Capitals', N'WAS', 1, N'scheduled', CAST(0x0000A78F00083D60 AS DateTime), NULL, N'c65aa34d-26da-4d63-80df-8a9be456e5fb', 1, N'pittsburgh-penguins-vs-washignton-capitals-5102017', NULL, CAST(0x0000A76900E062B8 AS DateTime), NULL, CAST(0.00000000 AS Decimal(18, 8)), NULL, CAST(0.61000000 AS Decimal(18, 8)), CAST(0.56000000 AS Decimal(18, 8)), NULL, CAST(1.5 AS Decimal(4, 1)), NULL, CAST(-1.5 AS Decimal(4, 1)), 0)
--INSERT INTO [Symbols] VALUES (N'db5ba435-0877-40f1-b3e9-3e591163d0dc', N'ARS-MUN', N'ARS-MUN-5132017', N'USD', 0, N'Arsenal_vs_Manchester United', N'Arsenal', N'ARS', N'Manchester United', N'MUN', 1, N'scheduled', CAST(0x0000A7910107F250 AS DateTime), NULL, N'ff73369e-c374-455a-a9fb-afbdffcac949', 1, N'arsenal-vs-manchester-united-5132017', NULL, CAST(0x0000A76900E062B8 AS DateTime), NULL, CAST(0.00000000 AS Decimal(18, 8)), NULL, CAST(0.59000000 AS Decimal(18, 8)), CAST(0.54000000 AS Decimal(18, 8)), NULL, CAST(0.5 AS Decimal(4, 1)), NULL, CAST(-0.5 AS Decimal(4, 1)), 0)
GO

INSERT INTO [Users] VALUES ('aim','aim', 'YW1pYW1pYW1pYW1pYW1pYfE9wRj9OhHwbhR250vtNYu2xkrcRg+IzrTHF7ByuQYq/38=', 'sidelnikov89@mail.ru', 'Egor', 'Sidelnikov', GETDATE(), 'Ukraine', 'Address', 'Phone', GETDATE(), GETDATE(),0, '', GETDATE(), 'Confirmed')
INSERT INTO [Users] VALUES ('hacker','hacker', 'a2NhaHJla2NhaHJla2NhaPZET7fi6HqwCJyovR0v2eArbfpKiAiV0Za8u5KssPBL/38=', 'hacker@gmail.com', 'FirstName', 'LastName', GETDATE(), 'Ukraine', 'Address', 'Phone', GETDATE(), GETDATE(),0, '', GETDATE(), 'Confirmed')
INSERT INTO [Users] VALUES ('seller','seller', 'bGxlc3JlbGxlc3JlbGxlc1Gy/P7rPPIhhpL5khhDJEom8POT5DnAIdYjo/joCW7O/38=', 'seller@seller.ua', 'FirstName', 'LastName', GETDATE(), 'USA', 'Address', 'Phone', GETDATE(), GETDATE(),0, '', GETDATE(), 'Confirmed')
INSERT INTO [Users] VALUES ('buyer', 'buyer', 'YnJleXVicmV5dWJyZXl1YoHCORjwMaYx0rDsW/cY6TG2q6mZQyUNUe9hd2PPShyu/38=', 'buyer@buyer.ua', 'FirstName', 'LastName', GETDATE(), 'Ukraine', 'Address', 'Phone', GETDATE(), GETDATE(),0, '', GETDATE(), 'Confirmed')
INSERT INTO [Users] VALUES ('bot', 'bot', 'YnRvYnRvYnRvYnRvYnRvYlklyy63pVwfdNY0r5D4Ff9HhWJcJwqF71StAMaCv3Np/38=', 'bot@bot.com', 'FirstName', 'LastName', GETDATE(), 'Japan', 'Address', 'Phone', GETDATE(), GETDATE(), 0, '', GETDATE(), 'Confirmed')
INSERT INTO [Users] VALUES ('payments', 'payments', 'c3RuZW15YXBzdG5lbXlhcP4D4FNsd2vMJm4ddsrPpOVJbqIyh3qFRdxdg6ox8w34/38=', 'payments@alt.bet', 'FirstName', 'LastName', GETDATE(), 'Japan', 'Address', 'Phone', GETDATE(), GETDATE(), 0, '', GETDATE(), 'Confirmed')
INSERT INTO [Users] VALUES ('demo', 'demo', 'b21lZG9tZWRvbWVkb21lZP+evxho+nQpvYnqfHvKxS+YXN+AyiRthHh4sgK3pk1q/38=', 'demo@alt.bet', 'FirstName', 'LastName', GETDATE(), 'Japan', 'Address', 'Phone', GETDATE(), GETDATE(), 0, '', GETDATE(), 'Confirmed')
INSERT INTO [Users] VALUES ('guestdemo1', 'guestdemo1', 'ZHRzZXVnMW9tZWR0c2V1Z36g5u+FahXQzSWDcvR0a59t790KK3gi0X5yesArNj1l/38=', 'demo1@alt.bet', 'FirstName', 'LastName', GETDATE(), 'Japan', 'Address', 'Phone', GETDATE(), GETDATE(), 0, '', GETDATE(), 'Confirmed')
INSERT INTO [Users] VALUES ('guestdemo2', 'guestdemo2', 'ZHRzZXVnMm9tZWR0c2V1ZwYi3eXC0Xof9lcM0cus/yoaP9t7uYqE8Aje+pJ3Ftvo/38=', 'demo2@alt.bet', 'FirstName', 'LastName', GETDATE(), 'Japan', 'Address', 'Phone', GETDATE(), GETDATE(), 0, '', GETDATE(), 'Confirmed')
INSERT INTO [Users] VALUES ('guestdemo3', 'guestdemo3', 'ZHRzZXVnM29tZWR0c2V1Z+ogoXeGQPWDm/vCozKVqtc0PHGmM1eNwGt9Lwp4hSQY/38=', 'demo3@alt.bet', 'FirstName', 'LastName', GETDATE(), 'Japan', 'Address', 'Phone', GETDATE(), GETDATE(), 0, '', GETDATE(), 'Confirmed')
INSERT INTO [Users] VALUES ('guestdemo4', 'guestdemo4', 'ZHRzZXVnNG9tZWR0c2V1Z2mGZ8u0deERPHVNFgape1GMpcUS3D2klstS2A+UYBPZ/38=', 'demo4@alt.bet', 'FirstName', 'LastName', GETDATE(), 'Japan', 'Address', 'Phone', GETDATE(), GETDATE(), 0, '', GETDATE(), 'Confirmed')
INSERT INTO [Users] VALUES ('guestdemo5', 'guestdemo5', 'ZHRzZXVnNW9tZWR0c2V1Z9jYdalq8a53P5shH4qPIrXLgTgISOOfp9bAgOD/yYCu/38=', 'demo5@alt.bet', 'FirstName', 'LastName', GETDATE(), 'Japan', 'Address', 'Phone', GETDATE(), GETDATE(), 0, '', GETDATE(), 'Confirmed')
INSERT INTO [Users] VALUES ('guestdemo6', 'guestdemo6', 'ZHRzZXVnNm9tZWR0c2V1Zz2n8M2ZSpWkT0gU12TbfY7Z2d9pG3EQAaopglPN8X4d/38=', 'demo6@alt.bet', 'FirstName', 'LastName', GETDATE(), 'Japan', 'Address', 'Phone', GETDATE(), GETDATE(), 0, '', GETDATE(), 'Confirmed')
INSERT INTO [Users] VALUES ('guestdemo7', 'guestdemo7', 'ZHRzZXVnN29tZWR0c2V1Z3Vnuk7pnoc6BJEp6tSI9NbKdL85SudCPfaVrrcdjqf+/38=', 'demo7@alt.bet', 'FirstName', 'LastName', GETDATE(), 'Japan', 'Address', 'Phone', GETDATE(), GETDATE(), 0, '', GETDATE(), 'Confirmed')
INSERT INTO [Users] VALUES ('guestdemo8', 'guestdemo8', 'ZHRzZXVnOG9tZWR0c2V1ZyQCRsYmfGEhfhmvOUfensQcq5+v9m0/xIp1jlNM3eBm/38=', 'demo8@alt.bet', 'FirstName', 'LastName', GETDATE(), 'Japan', 'Address', 'Phone', GETDATE(), GETDATE(), 0, '', GETDATE(), 'Confirmed')
INSERT INTO [Users] VALUES ('guestdemo9', 'guestdemo9', 'ZHRzZXVnOW9tZWR0c2V1Zx3pGB79nlCou0RRCZ1ZSAivKdiQnKWlVAcrna5C11tL/38=', 'demo9@alt.bet', 'FirstName', 'LastName', GETDATE(), 'Japan', 'Address', 'Phone', GETDATE(), GETDATE(), 0, '', GETDATE(), 'Confirmed')
INSERT INTO [Users] VALUES ('gene', 'gene', 'ZW5lZ2VuZWdlbmVnZW5lZ3YUMKTGHEFCuYmwShlPHhftm+zzjY9Ttj/voUGvMOdT/38=', 'shkilko@yahoo.com', 'Gene', 'Shkilko', GETDATE(), 'USA', 'Address', 'Phone', GETDATE(), GETDATE(), 0, '', GETDATE(), 'Confirmed')
INSERT INTO [Users] VALUES ('christian', 'christian', 'aXRzaXJoY25haXRzaXJoY3kScWwaMr+bow+kejYU318MnUBSi0yy6m2YFbjmO71l/38=', 'goode@alt.bet', 'Christian', 'Goode', GETDATE(), 'USA', 'Address', 'Phone', GETDATE(), GETDATE(), 0, '', GETDATE(), 'Confirmed')
INSERT INTO [Users] VALUES ('bradley', 'bradley', 'cmJ5ZWxkYXJieWVsZGFyYhkzsoq1MAjJ+Ju8+uirooYtOmagTJ/AjBqlW2WoL7Md/38=', 'bradley@alt.bet', 'Bradley', 'Tusk', GETDATE(), 'USA', 'Address', 'Phone', GETDATE(), GETDATE(), 0, '', GETDATE(), 'Confirmed')
INSERT INTO [Users] VALUES ('david', 'david', 'ZGRpdmFkZGl2YWRkaXZhZCffo//l8avXrBfhXeCFmqE52XeM6VDLA/l2VWEUhm0d/38=', 'breeder@alt.bet', 'David', 'Breeder', GETDATE(), 'USA', 'Address', 'Phone', GETDATE(), GETDATE(), 0, '', GETDATE(), 'Confirmed')
INSERT INTO [Users] VALUES ('test', 'test', 'dHNldHRzZXR0c2V0dHNldPGezKZd9CPRyYufDIkBychw4Jqw/tMueeH9ocBJYq1B/38=', 'test@alt.bet', 'FirstName', 'LastName', GETDATE(), 'USA', 'Address', 'Phone', GETDATE(), GETDATE(), 0, '', GETDATE(), 'Confirmed')
INSERT INTO [Users] VALUES ('mark', 'mark', 'a3JhbWtyYW1rcmFta3JhbdGuJw+oW3HDxXxXBqvk5KYeV9IpCpNn/7+j3BP/jGtg/38=', 'mark@alt.bet', 'Mark', 'Neiderfer', GETDATE(), 'USA', 'Address', 'Phone', GETDATE(), GETDATE(), 0, '', GETDATE(), 'Confirmed')
INSERT INTO [Users] VALUES ('test1', 'test1', 'dDF0c2V0MXRzZXQxdHNldAu4NgDWTfGHXI5/T3N2DtnDQ6DjyJs56wNOhPkofQtG/38=', 'test1@alt.bet', 'FirstName', 'LastName', GETDATE(), 'USA', 'Address', 'Phone', GETDATE(), GETDATE(), 0, '', GETDATE(), 'Confirmed')
INSERT INTO [Users] VALUES ('test2', 'test2', 'dDJ0c2V0MnRzZXQydHNldHpBaO1im0j54/1pSbmgWb9OSVrwp6UpqqKMMpKRfxu7/38=', 'test2@alt.bet', 'FirstName', 'LastName', GETDATE(), 'USA', 'Address', 'Phone', GETDATE(), GETDATE(), 0, '', GETDATE(), 'Confirmed')
INSERT INTO [Users] VALUES ('java', 'java', 'YXZhamF2YWphdmFqYXZhaiC6azAFa5EYuUjuAlD9cLyY8t4oWtGjpKOHYpIS8TfL/38=', 'java@gmail.com', 'FirstName', 'LastName', GETDATE(), 'Ukraine', 'Address', 'Phone', GETDATE(), GETDATE(), 0, '', GETDATE(), 'Confirmed')
INSERT INTO [Users] VALUES ('vlad', 'vlad', 'ZGFsdmRhbHZkYWx2ZGFsduLlZ629/sAOAu3rvxZCBon0PvD8OWNxMun9RQhI5E66/38=', 'petrov.vladyslav@gmail.com', 'FirstName', 'LastName', GETDATE(), 'Ukraine', 'Address', 'Phone', GETDATE(), GETDATE(), 0, '', GETDATE(), 'Confirmed')
INSERT INTO [Users] VALUES ('jeka', 'jeka', 'YWtlamFrZWpha2VqYWtlam6nfd5lWHknOx7m8e77j+dVdyarhHYYiNZhRMtsmjzs/38=', 'jeka@gmail.com', 'FirstName', 'LastName', GETDATE(), 'Ukraine', 'Address', 'Phone', GETDATE(), GETDATE(), 0, '', GETDATE(), 'Confirmed')
INSERT INTO [Users] VALUES ('vova', 'vova', 'YXZvdmF2b3Zhdm92YXZvdheDAwBMPbaE4qXdpUFsmmnjlObvfT1w/0M2LeHEBn7k/38=', 'vova@vova.com', 'FirstName', 'LastName', GETDATE(), 'Ukraine', 'Address', 'Phone', GETDATE(), GETDATE(), 0, '', GETDATE(), 'Confirmed')
INSERT INTO [Users] VALUES ('gus', 'gus', 'Z3N1Z3N1Z3N1Z3N1Z3N1Z/FtTG4Aiu/GTP96XMwreo/n+UoR70s/5AC8oTgh8+7W/38=', 'gus@gmail.com', 'FirstName', 'LastName', GETDATE(), 'Ukraine', 'Address', 'Phone', GETDATE(), GETDATE(), 0, '', GETDATE(), 'Confirmed')
INSERT INTO [Users] VALUES ('nissim', 'nissim', 'c3Npbm1pc3Npbm1pc3Npbrqnh1U/Ttuzv70qbvPr9tvkYRYTtwrg+TVqVQcSz/oo/38=', 'nissim@vova.com', 'FirstName', 'LastName', GETDATE(), 'Ukraine', 'Address', 'Phone', GETDATE(), GETDATE(), 0, '', GETDATE(), 'Confirmed')
INSERT INTO [Users] VALUES ('rich', 'rich', 'aGNpcmhjaXJoY2lyaGNpcs3HeZBuXnpKFuERCLz7lkC0So4KvCN/noXa/gowv+4e/38=', 'rich@rich.com', 'FirstName', 'LastName', GETDATE(), 'Ukraine', 'Address', 'Phone', GETDATE(), GETDATE(), 0, '', GETDATE(), 'Confirmed')
INSERT INTO [Users] VALUES ('carmine', 'carmine', 'YWNlbmltcmFjZW5pbXJhY1DSgGciDlrt+VGE95VZg42RZwNgUoBfJ0t4qESYKtLe/38=', 'carmine@carmine.com', 'FirstName', 'LastName', GETDATE(), 'Ukraine', 'Address', 'Phone', GETDATE(), GETDATE(), 0, '', GETDATE(), 'Confirmed')
INSERT INTO [Users] VALUES ('jon', 'jon', 'am5vam5vam5vam5vam5vavUKEdSWF+O2gvPd+H3oGS4My6zmiR9vSASPAdwf6DOH/38=', 'jon@jon.com', 'FirstName', 'LastName', GETDATE(), 'Ukraine', 'Address', 'Phone', GETDATE(), GETDATE(), 0, '', GETDATE(), 'Confirmed')
INSERT INTO [Users] VALUES ('jay', 'jay', 'anlhanlhanlhanlhanlhapW8a68kUdv4aK4KffEtM5AArpHIZyc3tFM6P9RTqepM/38=', 'jay@jay.com', 'FirstName', 'LastName', GETDATE(), 'Ukraine', 'Address', 'Phone', GETDATE(), GETDATE(), 0, '', GETDATE(), 'Confirmed')
INSERT INTO [Users] VALUES ('kenny', 'kenny', 'a3lubmVreW5uZWt5bm5lawTvI0gwdbzCZMuX8c8QM+A6OHoneJ3xZhBqO6wbAjdV/38=', 'kenny@kenny.com', 'FirstName', 'LastName', GETDATE(), 'Ukraine', 'Address', 'Phone', GETDATE(), GETDATE(), 0, '', GETDATE(), 'Confirmed')
INSERT INTO [Users] VALUES ('alena1', 'alena1', 'bmVsYTFhbmVsYTFhbmVsYS6ey3rAO40CJC8pEmGj8ChG1I/wz6YuRtfffFXaiHue/38=', 'alena1@alt.bet', 'FirstName', 'LastName', GETDATE(), 'Ukraine', 'Address', 'Phone', GETDATE(), GETDATE(), 0, '', GETDATE(), 'Confirmed')
INSERT INTO [Users] VALUES ('alena2', 'alena2', 'bmVsYTJhbmVsYTJhbmVsYfNGWEfX1mmxiExViCszyKyspj7ORXZIuYhzg3RkXUbm/38=', 'alena2@alt.bet', 'FirstName', 'LastName', GETDATE(), 'Ukraine', 'Address', 'Phone', GETDATE(), GETDATE(), 0, '', GETDATE(), 'Confirmed')
INSERT INTO [Users] VALUES ('mike', 'mike', 'ZWtpbWVraW1la2ltZWtpbchSYMI1vOltHJ5+jKziEA3mB8hsylU7pMfu2gOB5piF/38=', 'ms@alt.bet', 'FirstName', 'LastName', GETDATE(), 'Ukraine', 'Address', 'Phone', GETDATE(), GETDATE(), 0, '', GETDATE(), 'Confirmed')
GO

INSERT INTO [TariffPlans] VALUES ('empty', 'FREE', 0)
INSERT INTO [TariffPlans] VALUES ('bronze', '10$',1500)
INSERT INTO [TariffPlans] VALUES ('silver', '30$', 5000)
INSERT INTO [TariffPlans] VALUES ('gold', '100$', 20000)
GO

INSERT INTO [Accounts] VALUES ('aim', 'sidelnikov89@mail.ru', 'aim', 10000, 'USD', 'empty', GETDATE(), 'basic', 0, 0, 'dark', 0, 0, 0, 0, 'daily',0,NULL,NULL,NULL)
INSERT INTO [Accounts] VALUES ('hacker', 'hacker@gmail.com', 'hacker', 100000, 'USD', 'empty', GETDATE(), 'basic', 0, 0, 'dark', 0, 0, 0, 0, 'daily',0,NULL,NULL,NULL)
INSERT INTO [Accounts] VALUES ('seller', 'seller@seller.ua', 'seller', 10000, 'USD', 'empty', GETDATE(), 'basic', 0, 0, 'dark', 0, 0, 0, 0, 'daily',0,NULL,NULL,NULL)
INSERT INTO [Accounts] VALUES ('buyer', 'buyer@buyer.ua', 'buyer', 10000, 'USD', 'empty', GETDATE(), 'basic', 0, 0, 'dark', 0, 0, 0, 0, 'daily',0,NULL,NULL,NULL)
INSERT INTO [Accounts] VALUES ('bot' ,'bot@bot.com' ,'bot' ,10000, 'USD', 'empty', GETDATE(), 'basic', 0, 0, 'dark', 0, 0, 0, 0, 'daily',0,NULL,NULL,NULL)
INSERT INTO [Accounts] VALUES ('payments', 'payments@alt.bet', 'payments', 0, 'USD', 'empty', GETDATE(), 'basic', 0, 0, 'dark', 0, 0, 0, 0, 'daily',0,NULL,NULL,NULL)
INSERT INTO [Accounts] VALUES ('demo' ,'demo@alt.bet' ,'demo' ,10000 , 'USD', 'empty', GETDATE(), 'basic', 0, 0, 'dark', 0, 0, 0, 0, 'daily',0,NULL,NULL,NULL)
INSERT INTO [Accounts] VALUES ('guestdemo1', 'demo1@alt.bet', 'guestdemo1' ,10000 , 'USD', 'empty', GETDATE(), 'basic', 0, 0, 'dark', 0, 0, 0, 0, 'daily',0,NULL,NULL,NULL)
INSERT INTO [Accounts] VALUES ('guestdemo2', 'demo2@alt.bet', 'guestdemo2' ,10000 , 'USD', 'empty', GETDATE(), 'basic', 0, 0, 'dark', 0, 0, 0, 0, 'daily',0,NULL,NULL,NULL)
INSERT INTO [Accounts] VALUES ('guestdemo3', 'demo3@alt.bet', 'guestdemo3' ,10000 , 'USD', 'empty', GETDATE(), 'basic', 0, 0, 'dark', 0, 0, 0, 0, 'daily',0,NULL,NULL,NULL)
INSERT INTO [Accounts] VALUES ('guestdemo4', 'demo4@alt.bet', 'guestdemo4' ,10000 , 'USD', 'empty', GETDATE(), 'basic', 0, 0, 'dark', 0, 0, 0, 0, 'daily',0,NULL,NULL,NULL)
INSERT INTO [Accounts] VALUES ('guestdemo5', 'demo5@alt.bet', 'guestdemo5' ,10000 , 'USD', 'empty', GETDATE(), 'basic', 0, 0, 'dark', 0, 0, 0, 0, 'daily',0,NULL,NULL,NULL)
INSERT INTO [Accounts] VALUES ('guestdemo6', 'demo6@alt.bet', 'guestdemo6' ,10000 , 'USD', 'empty', GETDATE(), 'basic', 0, 0, 'dark', 0, 0, 0, 0, 'daily',0,NULL,NULL,NULL)
INSERT INTO [Accounts] VALUES ('guestdemo7', 'demo7@alt.bet', 'guestdemo7' ,10000 , 'USD', 'empty', GETDATE(), 'basic', 0, 0, 'dark', 0, 0, 0, 0, 'daily',0,NULL,NULL,NULL)
INSERT INTO [Accounts] VALUES ('guestdemo8', 'demo8@alt.bet', 'guestdemo8' ,10000 , 'USD', 'empty', GETDATE(), 'basic', 0, 0, 'dark', 0, 0, 0, 0, 'daily',0,NULL,NULL,NULL)
INSERT INTO [Accounts] VALUES ('guestdemo9', 'demo9@alt.bet', 'guestdemo9' ,10000 , 'USD', 'empty', GETDATE(), 'basic', 0, 0, 'dark', 0, 0, 0, 0, 'daily',0,NULL,NULL,NULL)
INSERT INTO [Accounts] VALUES ('gene', 'shkilko@yahoo.com', 'gene' ,10000 , 'USD', 'empty', GETDATE(), 'basic', 0, 0, 'dark', 0, 0, 0, 0, 'daily',0,NULL,NULL,NULL)
INSERT INTO [Accounts] VALUES ('christian', 'goode@alt.bet', 'christian' ,10000 , 'USD', 'empty', GETDATE(), 'basic', 0, 0, 'dark', 0, 0, 0, 0, 'daily',0,NULL,NULL,NULL)
INSERT INTO [Accounts] VALUES ('bradley', 'bradley@alt.bet', 'bradley' ,10000 , 'USD', 'empty', GETDATE(), 'basic', 0, 0, 'dark', 0, 0, 0, 0, 'daily',0,NULL,NULL,NULL)
INSERT INTO [Accounts] VALUES ('david', 'breeder@alt.bet', 'david' ,10000 , 'USD', 'empty', GETDATE(), 'basic', 0, 0, 'dark', 0, 0, 0, 0, 'daily',0,NULL,NULL,NULL)
INSERT INTO [Accounts] VALUES ('test', 'test@alt.bet', 'test' ,10000 , 'USD', 'empty', GETDATE(), 'basic', 0, 0, 'dark', 0, 0, 0, 0, 'daily',0,NULL,NULL,NULL)
INSERT INTO [Accounts] VALUES ('mark', 'mark@alt.bet', 'mark' ,10000 , 'USD', 'empty', GETDATE(), 'basic', 0, 0, 'dark', 0, 0, 0, 0, 'daily',0,NULL,NULL,NULL)
INSERT INTO [Accounts] VALUES ('test1', 'test1@alt.bet', 'test1' ,10000 , 'USD', 'empty', GETDATE(), 'basic', 0, 0, 'dark', 0, 0, 0, 0, 'daily',0,NULL,NULL,NULL)
INSERT INTO [Accounts] VALUES ('test2', 'test2@alt.bet', 'test2' ,10000 , 'USD', 'empty', GETDATE(), 'basic', 0, 0, 'dark', 0, 0, 0, 0, 'daily',0,NULL,NULL,NULL)
INSERT INTO [Accounts] VALUES ('java', 'java@gmail.com', 'java' ,10000 , 'USD', 'empty', GETDATE(), 'basic', 0, 0, 'dark', 0, 0, 0, 0, 'daily',0,NULL,NULL,NULL)
INSERT INTO [Accounts] VALUES ('vlad', 'petrov.vladyslav@gmail.com', 'vlad' ,10000 , 'USD', 'empty', GETDATE(), 'basic', 0, 0, 'dark', 0, 0, 0, 0, 'daily',0,NULL,NULL,NULL)
INSERT INTO [Accounts] VALUES ('jeka', 'jeka@gmail.com', 'jeka' ,10000 , 'USD', 'empty', GETDATE(), 'basic', 0, 0, 'dark', 0, 0, 0, 0, 'daily',0,NULL,NULL,NULL)
INSERT INTO [Accounts] VALUES ('vova', 'vova@vova.com', 'vova' ,10000 , 'USD', 'empty', GETDATE(), 'basic', 0, 0, 'dark', 0, 0, 0, 0, 'daily',0,NULL,NULL,NULL)
INSERT INTO [Accounts] VALUES ('gus', 'gus@gmail.com', 'gus' ,10000 , 'USD', 'empty', GETDATE(), 'basic', 0, 0, 'dark', 0, 0, 0, 0, 'daily',0,NULL,NULL,NULL)
INSERT INTO [Accounts] VALUES ('nissim', 'nissim@vova.com', 'nissim' ,10000 , 'USD', 'empty', GETDATE(), 'basic', 0, 0, 'dark', 0, 0, 0, 0, 'daily',0,NULL,NULL,NULL)
INSERT INTO [Accounts] VALUES ('rich', 'rich@rich.com', 'rich' ,10000 , 'USD', 'empty', GETDATE(), 'basic', 0, 0, 'dark', 0, 0, 0, 0, 'daily',0,NULL,NULL,NULL)
INSERT INTO [Accounts] VALUES ('jon', 'jon@jon.com', 'jon' ,10000 , 'USD', 'empty', GETDATE(), 'basic', 0, 0, 'dark', 0, 0, 0, 0, 'daily',0,NULL,NULL,NULL)
INSERT INTO [Accounts] VALUES ('jay', 'jay@jay.com', 'jay' ,10000 , 'USD', 'empty', GETDATE(), 'basic', 0, 0, 'dark', 0, 0, 0, 0, 'daily',0,NULL,NULL,NULL)
INSERT INTO [Accounts] VALUES ('carmine', 'carmine@carmine.com', 'carmine' ,10000 , 'USD', 'empty', GETDATE(), 'basic', 0, 0, 'dark', 0, 0, 0, 0, 'daily',0,NULL,NULL,NULL)
INSERT INTO [Accounts] VALUES ('kenny', 'kenny@kenny.com', 'kenny' ,10000 , 'USD', 'empty', GETDATE(), 'basic', 0, 0, 'dark', 0, 0, 0, 0, 'daily',0,NULL,NULL,NULL)
INSERT INTO [Accounts] VALUES ('alena1', 'alena1@alt.bet', 'alena1' ,10000 , 'USD', 'empty', GETDATE(), 'basic', 0, 0, 'dark', 0, 0, 0, 0, 'daily',0,NULL,NULL,NULL)
INSERT INTO [Accounts] VALUES ('alena2', 'alena2@alt.bet', 'alena2' ,10000 , 'USD', 'empty', GETDATE(), 'basic', 0, 0, 'dark', 0, 0, 0, 0, 'daily',0,NULL,NULL,NULL)
INSERT INTO [Accounts] VALUES ('mike', 'ms@alt.bet', 'mike' ,10000 , 'USD', 'empty', GETDATE(), 'basic', 0, 0, 'dark', 0, 0, 0, 0, 'daily',0,NULL,NULL,NULL)
GO

INSERT INTO [Fees] VALUES (0.0086, 0.0026)
GO

INSERT INTO [Users] VALUES ('tom', 'tom', 'dG1vdG1vdG1vdG1vdG1vdPfWkm3irXWWAuAJlQ3mJ8qQF5bqAtsv06LeutL72f2E/38=', 'tom@alt.bet', 'FirstName', 'LastName', GETDATE(), 'Ukraine', 'Address', 'Phone', GETDATE(), GETDATE(), 0, '', GETDATE(), 'Confirmed')
INSERT INTO [Accounts] VALUES ('tom', 'tom@alt.bet', 'tom' ,10000 , 'USD', 'empty', GETDATE(), 'basic', 0, 0, 'dark', 0, 0, 0, 0, 'daily',0,NULL,NULL,NULL)

INSERT INTO [Users] VALUES ('ryan', 'ryan', 'bmF5cm5heXJuYXlybmF5cqnDoPHr1X3g37uyE93AFhWTBr2PEzWv4QOeawvAC6en/38=', 'ryan@alt.bet', 'FirstName', 'LastName', GETDATE(), 'Ukraine', 'Address', 'Phone', GETDATE(), GETDATE(), 0, '', GETDATE(), 'Confirmed')
INSERT INTO [Accounts] VALUES ('ryan', 'ryan@alt.bet', 'ryan' ,10000 , 'USD', 'empty', GETDATE(), 'basic', 0, 0, 'dark', 0, 0, 0, 0, 'daily',0,NULL,NULL,NULL)